{"cameraMode":{"drawMode":0,"name":"Shaded","section":"Shading Mode"},"sceneLighting":true,"audioPlay":false,"sceneViewState":{"showFog":true,"showMaterialUpdate":false,"showSkybox":true,"showFlares":true,"showImageEffects":true,"showParticleSystems":true},"in2DMode":false,"pivot":{"x":-0.5860061645507813,"y":2.11346435546875,"z":1.2789306640625},"rotation":{"x":-0.09721745550632477,"y":-0.051641374826431277,"z":0.005040591116994619,"w":-0.9939351677894592},"size":1.6396011114120484,"orthographic":true}