{"cameraMode":{"drawMode":0,"name":"Shaded","section":"Shading Mode"},"sceneLighting":false,"audioPlay":false,"sceneViewState":{"showFog":true,"showMaterialUpdate":false,"showSkybox":false,"showFlares":true,"showImageEffects":true,"showParticleSystems":true},"in2DMode":false,"pivot":{"x":-0.449371337890625,"y":1.9954833984375,"z":-9.87060546875},"rotation":{"x":-0.09881912171840668,"y":-0.020599549636244775,"z":0.0020929579623043539,"w":-0.9949290752410889},"size":1.8301048278808594,"orthographic":true}