{"cameraMode":{"drawMode":0,"name":"Shaded","section":"Shading Mode"},"sceneLighting":false,"audioPlay":false,"sceneViewState":{"showFog":true,"showMaterialUpdate":false,"showSkybox":false,"showFlares":true,"showImageEffects":true,"showParticleSystems":true},"in2DMode":false,"pivot":{"x":-0.449371337890625,"y":1.9954833984375,"z":-9.87060546875},"rotation":{"x":-0.09731998294591904,"y":-0.023587798699736596,"z":0.0023540302645415069,"w":-0.9950097799301148},"size":7.090539455413818,"orthographic":true}