{"cameraMode":{"drawMode":0,"name":"Shaded","section":"Shading Mode"},"sceneLighting":false,"audioPlay":false,"sceneViewState":{"showFog":true,"showMaterialUpdate":false,"showSkybox":false,"showFlares":true,"showImageEffects":true,"showParticleSystems":true},"in2DMode":false,"pivot":{"x":-0.53564453125,"y":1.35595703125,"z":0.371337890625},"rotation":{"x":0.10473623126745224,"y":0.7979227900505066,"z":-0.1451970487833023,"w":0.575564444065094},"size":3.731562852859497,"orthographic":true}