{"cameraMode":{"drawMode":0,"name":"Shaded","section":"Shading Mode"},"sceneLighting":false,"audioPlay":false,"sceneViewState":{"showFog":true,"showMaterialUpdate":false,"showSkybox":false,"showFlares":true,"showImageEffects":true,"showParticleSystems":true},"in2DMode":false,"pivot":{"x":0.0,"y":1.7999999523162842,"z":13.130000114440918},"rotation":{"x":0.6953954696655273,"y":0.10042203962802887,"z":-0.09890478849411011,"w":0.7050396800041199},"size":2.8578836917877199,"orthographic":true}