{"cameraMode":{"drawMode":0,"name":"Shaded","section":"Shading Mode"},"sceneLighting":false,"audioPlay":false,"sceneViewState":{"showFog":true,"showMaterialUpdate":false,"showSkybox":false,"showFlares":true,"showImageEffects":true,"showParticleSystems":true},"in2DMode":false,"pivot":{"x":2.348475933074951,"y":0.05000000447034836,"z":-2.1554336547851564},"rotation":{"x":0.025392476469278337,"y":-0.09134478121995926,"z":0.00231470656581223,"w":0.9955121874809265},"size":1.9449284076690674,"orthographic":true}