{"cameraMode":{"drawMode":0,"name":"Shaded","section":"Shading Mode"},"sceneLighting":true,"audioPlay":false,"sceneViewState":{"showFog":true,"showMaterialUpdate":false,"showSkybox":true,"showFlares":true,"showImageEffects":true,"showParticleSystems":true},"in2DMode":false,"pivot":{"x":0.0008544921875,"y":1.83465576171875,"z":1.554931640625},"rotation":{"x":-0.19229790568351746,"y":-0.004122578538954258,"z":0.000829277210868895,"w":-0.9813551306724548},"size":1.224818468093872,"orthographic":true}