{"cameraMode":{"drawMode":0,"name":"Shaded","section":"Shading Mode"},"sceneLighting":true,"audioPlay":false,"sceneViewState":{"showFog":true,"showMaterialUpdate":false,"showSkybox":true,"showFlares":true,"showImageEffects":true,"showParticleSystems":true},"in2DMode":false,"pivot":{"x":0.0008544921875,"y":1.83465576171875,"z":1.554931640625},"rotation":{"x":-0.1258452832698822,"y":-0.14205045998096467,"z":0.01822512224316597,"w":-0.9816849827766419},"size":1.224818468093872,"orthographic":true}