{"cameraMode":{"drawMode":0,"name":"Shaded","section":"Shading Mode"},"sceneLighting":true,"audioPlay":false,"sceneViewState":{"showFog":true,"showMaterialUpdate":false,"showSkybox":true,"showFlares":true,"showImageEffects":true,"showParticleSystems":true},"in2DMode":false,"pivot":{"x":-0.37957763671875,"y":1.359771728515625,"z":1.74676513671875},"rotation":{"x":0.12299296259880066,"y":-0.8503900170326233,"z":0.22850149869918824,"w":0.4577431380748749},"size":0.831932008266449,"orthographic":true}