{"cameraMode":{"drawMode":0,"name":"Shaded","section":"Shading Mode"},"sceneLighting":false,"audioPlay":false,"sceneViewState":{"showFog":true,"showMaterialUpdate":false,"showSkybox":false,"showFlares":true,"showImageEffects":true,"showParticleSystems":true},"in2DMode":false,"pivot":{"x":0.7720947265625,"y":1.593994140625,"z":-1.96484375},"rotation":{"x":0.46870753169059756,"y":0.12768828868865968,"z":-0.06868235766887665,"w":0.8713779449462891},"size":1.6609694957733155,"orthographic":true}