{"cameraMode":{"drawMode":0,"name":"Shaded","section":"Shading Mode"},"sceneLighting":true,"audioPlay":false,"sceneViewState":{"showFog":true,"showMaterialUpdate":false,"showSkybox":true,"showFlares":true,"showImageEffects":true,"showParticleSystems":true},"in2DMode":false,"pivot":{"x":-0.11342688649892807,"y":1.4377684593200684,"z":-0.9237251877784729},"rotation":{"x":0.26818352937698367,"y":0.42651695013046267,"z":-0.13404937088489533,"w":0.8533533215522766},"size":3.819793462753296,"orthographic":true}