{"cameraMode":{"drawMode":0,"name":"Shaded","section":"Shading Mode"},"sceneLighting":false,"audioPlay":false,"sceneViewState":{"showFog":true,"showMaterialUpdate":false,"showSkybox":false,"showFlares":true,"showImageEffects":true,"showParticleSystems":true},"in2DMode":false,"pivot":{"x":0.918212890625,"y":1.1229248046875,"z":5.146484375},"rotation":{"x":-0.029696708545088769,"y":0.9661223292350769,"z":-0.12974905967712403,"w":-0.2211216539144516},"size":3.583641767501831,"orthographic":true}