{"cameraMode":{"drawMode":0,"name":"Shaded","section":"Shading Mode"},"sceneLighting":false,"audioPlay":false,"sceneViewState":{"showFog":true,"showMaterialUpdate":false,"showSkybox":false,"showFlares":true,"showImageEffects":true,"showParticleSystems":true},"in2DMode":false,"pivot":{"x":-0.9072030186653137,"y":-0.5964018702507019,"z":1.0279775857925416},"rotation":{"x":0.027172772213816644,"y":-0.9028528928756714,"z":0.42610910534858706,"w":0.056306757032871249},"size":10.827840805053711,"orthographic":true}